{
	"format_version": "1.8.0",
	"animations": {
		"locococo.idle": {
			"loop": true,
			"animation_length": 4,
			"bones": {
				"loco": {
					"rotation": {
						"0.0": {
							"vector": [7.5, 20, 0]
						},
						"2.0417": {
							"vector": [-5.45019, -34.16861, 5.21157],
							"easing": "easeInBack"
						},
						"4.0": {
							"vector": [7.5, 20, 0],
							"easing": "easeInBack"
						}
					}
				},
				"fanleft": {
					"rotation": {
						"0.0": {
							"vector": [90.98352, -59.2342, -73.997]
						},
						"2.0": {
							"vector": [67.30315, -56.33151, -46.17102],
							"easing": "easeOutElastic",
							"easingArgs": [3]
						},
						"4.0": {
							"vector": [90.98352, -59.2342, -73.997],
							"easing": "easeOutElastic",
							"easingArgs": [3]
						}
					}
				},
				"fanright": {
					"rotation": {
						"0.0": {
							"vector": [90.98352, 59.23419, 73.99695]
						},
						"2.0": {
							"vector": [63.94944, 55.29921, 42.11753],
							"easing": "easeOutElastic",
							"easingArgs": [3]
						},
						"4.0": {
							"vector": [90.98352, 59.23419, 73.99695],
							"easing": "easeOutElastic",
							"easingArgs": [3]
						}
					}
				}
			}
		},
		"locococo.slap": {
			"animation_length": 1.5,
			"bones": {
				"loco": {
					"rotation": {
						"0.0": {
							"vector": [0, 0, 0]
						},
						"0.25": {
							"vector": [-34.06159, -23.39896, 21.88023],
							"easing": "easeInBack",
							"easingArgs": [3]
						},
						"0.7083": {
							"vector": [48.54578, 20.20522, 13.85012],
							"easing": "easeOutElastic"
						},
						"1.25": {
							"vector": [-12.2127, 362.68507, 12.2127],
							"easing": "easeInElastic"
						},
						"1.5": {
							"vector": [7.5, 380, 0]
						}
					}
				},
				"fanleft": {
					"rotation": {
						"0.0": {
							"vector": [90.98352, -59.2342, -73.997]
						},
						"0.5": {
							"vector": [84.64001, 1.4876, -24.23053]
						},
						"0.75": {
							"vector": [54.64001, 1.4876, -24.23053]
						},
						"1.125": {
							"vector": [54.64001, 1.4876, -24.23053]
						},
						"1.5": {
							"vector": [90.98352, -59.2342, -73.997]
						}
					}
				},
				"fanright": {
					"rotation": {
						"0.0": {
							"vector": [90.98352, 59.23419, 73.99695]
						},
						"0.5": {
							"vector": [90.64136, 17.75323, 4.22119]
						},
						"0.75": {
							"vector": [65.74079, 1.21058, 19.7434]
						},
						"1.125": {
							"vector": [65.74079, 1.21058, 19.7434]
						},
						"1.5": {
							"vector": [90.98352, 59.23419, 73.99695]
						}
					}
				}
			}
		}
	}
}